Team,Location,Division,Tier,Image Score,Cyber-Physical Challenge,Net Academy Challenge,Web Based Challenge,Total
17-0008,AL,Open,Platinum,119,40,112.74,15,286.74
17-0010,AL,Open,Gold,58,21.33,37.97,0,117.3
17-0014,OK,Open,Platinum,57,16,60.35,0,133.35
17-0015,IN,Middle School,Middle School,65,0,0,0,65
17-0019,NJ,CAP,Platinum,115,80,41.29,76,312.29
17-0021,NJ,CAP,Platinum,110,48,131.65,64,353.65
17-0024,NJ,CAP,Platinum,59,0,63.15,0,122.15
17-0030,NJ,CAP,Platinum,38,0,0,0,38
17-0031,TX,AFJROTC,Platinum,90,10.67,73.3,0,173.97
17-0035,NJ,CAP,Platinum,26,0,0,0,26
17-0038,CAN,Middle School,Middle School,97,0,14.86,0,111.86
17-0039,TX,AFJROTC,Gold,54,0,5.29,0,59.29
17-0041,MI,CAP,Gold,90,0,0,0,90
17-0042,GA,Open,Gold,121,0,15.89,0,136.89
17-0043,NJ,Middle School,Middle School,90,0,23,0,113
17-0045,CAN,Middle School,Middle School,27,0,5,0,32
17-0054,SD,Middle School,Middle School,37,0,5,0,42
17-0056,MI,Middle School,Middle School,91,0,5,0,96
17-0058,CO,Open,Platinum,142,21.33,195.69,33,392.02
17-0064,AL,Open,Gold,85,37.33,18.37,0,140.7
17-0067,AL,Middle School,Middle School,33,0,0,0,33
17-0071,AL,Middle School,Middle School,20,0,0,0,20
17-0073,CAN,Open,Gold,24,29.33,28.33,0,81.66
17-0076,CAN,Open,Silver,63,0,24.26,0,87.26
17-0077,OH,CAP,Silver,49,0,0,0,49
17-0078,FL,Open,Silver,48,8,33.38,0,89.38
17-0083,SC,Open,Silver,21,18.67,0,0,39.67
17-0085,TX,Open,Silver,28,0,16.76,0,44.76
17-0091,MA,Open,Gold,54,0,20.14,0,74.14
17-0099,VA,Open,Platinum,110,61.33,130.36,65,366.69
17-0104,TX,Middle School,Middle School,42,0,10.86,0,52.86
17-0106,TX,MCJROTC,Platinum,80,16,103.62,60,259.62
17-0108,NC,Middle School,Middle School,38,0,5,0,43
17-0109,NC,CAP,Platinum,100,50.67,69.92,0,220.59
17-0112,OH,Open,Gold,103,24,17.92,0,144.92
17-0118,OH,Open,Gold,74,0,29.3,0,103.3
17-0119,FL,Open,Platinum,90,37.33,60.38,15,202.71
17-0124,OH,Open,Gold,63,8,19.85,0,90.85
17-0129,LA,AFJROTC,Gold,41,0,19.42,0,60.42
17-0130,IL,CAP,Platinum,50,13.33,114.06,0,177.39
17-0132,GA,Middle School,Middle School,42,0,8,0,50
17-0133,GA,Middle School,Middle School,25,0,0,0,25
17-0138,GA,Open,Platinum,89,58.67,203.96,20,371.63
17-0146,MI,Open,Gold,48,48,69.26,0,165.26
17-0151,CA,Middle School,Middle School,155,0,19.43,0,174.43
17-0152,CA,Middle School,Middle School,65,0,8.43,0,73.43
17-0154,CA,Middle School,Middle School,26,0,8,0,34
17-0155,CA,Middle School,Middle School,38,0,7.57,0,45.57
17-0160,TX,Open,Silver,31,13.33,45.49,0,89.82
17-0161,TX,Open,Gold,108,18.67,43.8,0,170.47
17-0163,TX,Open,Silver,33,10.67,37.35,0,81.02
17-0172,CA,Open,Gold,103,0,19.85,0,122.85
17-0177,CT,Open,Platinum,71,13.33,103,0,187.33
17-0180,RI,Open,Silver,29,18.67,32.23,0,79.9
17-0185,CAN,Open,Platinum,170,64,143.29,45,422.29
17-0190,OK,Middle School,Middle School,16,0,2.86,0,18.86
17-0192,OK,Middle School,Middle School,23,0,0,0,23
17-0193,OK,Middle School,Middle School,15,0,12.86,0,27.86
17-0197,CAN,Open,Platinum,122,72,39.18,33,266.18
17-0198,HI,Open,Gold,67,16,11.65,0,94.65
17-0204,HI,Middle School,Middle School,31,0,8,0,39
17-0212,CAN,Open,Platinum,119,58.67,149.26,25,351.93
17-0216,AZ,CAP,Platinum,74,24,88.58,24,210.58
17-0219,OR,Open,Platinum,167,74.67,62.92,80,384.59
17-0221,OR,Open,Platinum,93,24,113.83,31,261.83
17-0224,OR,Open,Platinum,210,80,233.21,80,603.21
17-0232,WA,NJROTC,Platinum,120,53.33,44.27,27,244.6
17-0249,CA,CAP,Platinum,91,48,137.77,3,279.77
17-0256,NJ,NJROTC,Gold,25,8,25.42,0,58.42
17-0259,CA,CAP,Gold,69,8,24.71,0,101.71
17-0261,CA,Open,Gold,98,10.67,24.12,0,132.79
17-0265,TX,AFJROTC,Gold,40,24,19.94,0,83.94
17-0266,GA,Middle School,Middle School,71,0,7,0,78
17-0268,GA,Middle School,Middle School,116,0,14.29,0,130.29
17-0270,FL,AJROTC,Gold,42,8,7.94,0,57.94
17-0282,FL,Open,Silver,26,74.67,12.11,0,112.78
17-0285,AL,Open,Gold,104,0,23.82,0,127.82
17-0288,CAN,Middle School,Middle School,62,0,3,0,65
17-0289,TX,NJROTC,Gold,14,8,7.94,0,29.94
17-0291,TX,Open,Platinum,131,16,88.35,25,260.35
17-0293,TN,Open,Silver,29,16,17.21,0,62.21
17-0295,TX,Open,Silver,50,8,21,0,79
17-0296,TN,Open,Silver,51,16,7.42,0,74.42
17-0298,TN,Open,Gold,79,16,11.12,0,106.12
17-0299,TX,Open,Silver,42,18.67,0,0,60.67
17-0307,CO,AJROTC,Silver,20,21.33,7.94,0,49.27
17-0319,CA,AJROTC,Gold,168,0,53.35,0,221.35
17-0325,TN,Open,Platinum,151,69.33,82,59,361.33
17-0326,TN,Open,Gold,93,5.33,28.88,0,127.21
17-0335,CO,Open,Platinum,181,69.33,188.68,80,519.01
17-0336,CO,Open,Platinum,123,42.67,104.68,60,330.35
17-0345,HI,Middle School,Middle School,36,0,3,0,39
17-0347,VA,CAP,Platinum,79,18.67,66.71,47,211.38
17-0359,TN,AJROTC,Silver,31,10.67,0,0,41.67
17-0366,CA,Open,Gold,65,40,27.56,0,132.56
17-0368,CA,Open,Silver,19,16,6.18,0,41.18
17-0369,CA,Open,Gold,82,34.67,15.8,0,132.47
17-0379,NV,Open,Gold,60,13.33,16.42,0,89.75
17-0389,AR,Open,Platinum,131,21.33,62.94,40,255.27
17-0395,OK,Open,Platinum,163,69.33,128.02,39,399.35
17-0399,NV,Open,Gold,45,0,48.41,0,93.41
17-0400,NV,Open,Gold,109,5.33,26.32,0,140.65
17-0402,PA,AJROTC,Gold,45,0,23.82,0,68.82
17-0404,PA,AJROTC,Gold,33,10.67,24.71,0,68.38
17-0411,FL,Middle School,Middle School,48,0,5,0,53
17-0412,FL,Middle School,Middle School,23,0,5,0,28
17-0413,FL,Middle School,Middle School,23,0,8,0,31
17-0415,WI,Open,Platinum,71,16,32.82,0,119.82
17-0426,TX,MCJROTC,Platinum,98,34.67,61.86,29,223.53
17-0433,PA,Middle School,Middle School,17,0,4.57,0,21.57
17-0434,PA,Middle School,Middle School,24,0,8.86,0,32.86
17-0435,CA,Open,Platinum,86,18.67,67.99,54,226.66
17-0437,FL,USNSCC,Gold,83,21.33,10.32,0,114.65
17-0461,CA,Open,Gold,80,8,22.68,0,110.68
17-0466,NY,AJROTC,Silver,10,13.33,18.97,0,42.3
17-0469,NY,AJROTC,Silver,6,13.33,16.76,0,36.09
17-0477,WA,NJROTC,Gold,68,10.67,13.24,0,91.91
17-0479,CA,Middle School,Middle School,81,0,12.57,0,93.57
17-0480,CA,Middle School,Middle School,65,0,11.71,0,76.71
17-0481,CA,Middle School,Middle School,61,0,4,0,65
17-0482,CA,Middle School,Middle School,26,0,5,0,31
17-0483,CA,Middle School,Middle School,56,0,11.14,0,67.14
17-0495,CA,Open,Gold,84,24,22.06,0,130.06
17-0497,CA,Open,Silver,77,13.33,17.21,0,107.54
17-0502,TX,Open,Gold,58,18.67,13.16,0,89.83
17-0509,NJ,Open,Gold,112,0,38.32,0,150.32
17-0524,UT,Middle School,Middle School,55,0,0,0,55
17-0533,NJ,Open,Platinum,84,64,149.47,0,297.47
17-0534,NJ,Open,Gold,79,26.67,68.64,0,174.31
17-0547,VA,Open,Platinum,88,8,175.96,15,286.96
17-0555,CA,Open,Platinum,194,74.67,177.24,27,472.91
17-0556,CA,Open,Platinum,130,32,137.77,39,338.77
17-0563,TX,Middle School,Middle School,70,0,2,0,72
17-0564,HI,AJROTC,Platinum,65,56,140.55,54,315.55
17-0565,HI,AJROTC,Gold,65,29.33,24.26,0,118.59
17-0579,PA,CAP,Gold,74,21.33,0,0,95.33
17-0597,AL,Middle School,Middle School,35,0,11.57,0,46.57
17-0598,AL,Middle School,Middle School,-21,0,7.86,0,-13.14
17-0616,MD,CAP,Platinum,36,66.67,59.09,0,161.76
17-0620,IL,Open,Gold,78,0,55.38,0,133.38
17-0621,IL,Open,Platinum,114,21.33,142.03,36,313.36
17-0623,TX,Open,Platinum,82,42.67,191.23,71,386.9
17-0628,AR,AFJROTC,Silver,36,2.67,0,0,38.67
17-0655,SC,AFJROTC,Platinum,68,50.67,88.12,48,254.79
17-0665,CA,CAP,Platinum,62,21.33,55.29,68,206.62
17-0670,TX,Open,Platinum,143,48,162.17,78,431.17
17-0671,TX,Open,Gold,123,8,5.29,0,136.29
17-0676,MI,Open,Platinum,131,53.33,80.51,48,312.84
17-0682,CA,Open,Gold,81,10.67,34.43,0,126.1
17-0685,CA,Open,Gold,81,29.33,22.94,0,133.27
17-0690,GA,Middle School,Middle School,55,0,0,0,55
17-0691,FL,Middle School,Middle School,87,0,18.86,0,105.86
17-0697,VA,Middle School,Middle School,29,0,0,0,29
17-0710,MO,CAP,Platinum,110,29.33,115.74,31,286.07
17-0711,MO,Middle School,Middle School,48,0,18.57,0,66.57
17-0719,RI,Open,Platinum,92,18.67,157.29,15,282.96
17-0723,LA,Middle School,Middle School,66,0,0,0,66
17-0736,CA,Open,Silver,24,0,0,0,24
17-0737,FL,NJROTC,Platinum,141,80,73.08,80,374.08
17-0740,IL,Open,Platinum,130,48,73.3,16,267.3
17-0744,AZ,Open,Silver,30,5.33,21.62,0,56.95
17-0752,CAN,Open,Platinum,176,48,144.15,69,437.15
17-0754,CAN,Open,Platinum,122,40,68.01,60,290.01
17-0756,CAN,Open,Platinum,116,32,168.32,43,359.32
17-0761,RI,Open,Gold,85,24,5.3,0,114.3
17-0782,VA,Middle School,Middle School,26,0,0,0,26
17-0797,OH,Open,Gold,72,53.33,61.38,0,186.71
17-0799,CA,MCJROTC,Silver,26,0,0,0,26
17-0802,NJ,Middle School,Middle School,37,0,0,0,37
17-0804,FL,CAP,Gold,61,24,0,0,85
17-0808,CA,Open,Gold,78,64,15.88,0,157.88
17-0809,CA,Open,Gold,86,18.67,13.68,0,118.35
17-0810,CA,Open,Gold,-60,18.67,40.8,0,-0.53
17-0814,VA,CAP,Gold,62,8,15.09,0,85.09
17-0815,VA,Middle School,Middle School,32,0,0,0,32
17-0816,MO,Open,Platinum,110,0,145.65,0,255.65
17-0819,VA,Open,Gold,87,26.67,24.26,0,137.93
17-0830,NV,Open,Platinum,107,2.67,96.21,51,256.88
17-0837,NV,Open,Silver,58,5.33,18.53,0,81.86
17-0861,FL,NJROTC,Gold,60,80,0,0,140
17-0869,CA,NJROTC,Silver,27,0,30.01,0,57.01
17-0870,CA,NJROTC,Silver,2,0,13.24,0,15.24
17-0872,TX,NJROTC,Platinum,89,74.67,33.88,57,254.55
17-0878,TX,Open,Platinum,104,58.67,2.55,31,196.22
17-0879,TX,Open,Gold,63,18.67,1.5,0,83.17
17-0880,TX,Middle School,Middle School,21,0,8.29,0,29.29
17-0907,GA,Open,Platinum,96,45.33,119.15,60,320.48
17-0908,GA,Open,Platinum,96,40,93.89,72,301.89
17-0919,FL,Open,Gold,76,16,9.45,0,101.45
17-0920,FL,Open,Gold,95,50.67,22.5,0,168.17
17-0921,FL,Open,Platinum,90,64,190.2,60,404.2
17-0931,OK,Open,Gold,86,16,23.65,0,125.65
17-0935,GA,Open,Gold,98,10.67,31.08,0,139.75
17-0936,GA,Open,Gold,89,18.67,51.76,0,159.43
17-0943,CA,Open,Gold,117,26.67,0,0,143.67
17-0948,CA,Open,Gold,90,2.67,14.56,0,107.23
17-0960,OR,CAP,Gold,66,18.67,18.53,0,103.2
17-0961,CAN,Open,Gold,80,18.67,11.47,0,110.14
17-0965,CAN,Open,Gold,57,18.67,10.59,0,86.26
17-0972,CA,CAP,Platinum,7,26.67,87.09,24,144.76
17-0984,VA,Middle School,Middle School,21,0,2.86,0,23.86
17-0992,CA,Open,Platinum,102,42.67,89.86,9,243.53
17-0993,CA,Open,Platinum,124,26.67,98.33,0,249
17-0994,CA,Open,Gold,72,0,35.49,0,107.49
17-0997,CA,Open,Platinum,73,26.67,136.97,0,236.64
17-1002,TX,Open,Platinum,94,80,126.56,27,327.56
17-1005,AL,Middle School,Middle School,41,0,8.86,0,49.86
17-1006,MI,Middle School,Middle School,55,0,8.86,0,63.86
17-1009,TX,Open,Gold,87,40,35.77,0,162.77
17-1021,WA,Open,Silver,81,18.67,14.56,0,114.23
17-1022,WA,Open,Silver,48,21.33,17.21,0,86.54
17-1023,WA,Open,Silver,49,10.67,23.82,0,83.49
17-1025,FL,CAP,Gold,84,5.33,30.45,0,119.78
17-1030,NJ,Middle School,Middle School,18,0,0,0,18
17-1031,NJ,Middle School,Middle School,53,0,0,0,53
17-1039,VA,MCJROTC,Platinum,82,37.33,66.53,45,230.86
17-1040,VA,MCJROTC,Platinum,56,0,54,21,131
17-1056,FL,Open,Silver,46,0,13.68,0,59.68
17-1065,TX,Open,Gold,102,56,28.43,0,186.43
17-1066,OK,Open,Platinum,72,2.67,135.68,36,246.35
17-1069,OK,Open,Platinum,118,50.67,108.76,9,286.43
17-1088,TX,AJROTC,Gold,31,16,31.51,0,78.51
17-1091,ME,Open,Gold,79,50.67,21,0,150.67
17-1092,CA,Middle School,Middle School,21,0,0,0,21
17-1093,CA,Middle School,Middle School,25,0,0,0,25
17-1094,CA,Middle School,Middle School,19,0,0,0,19
17-1097,FL,Middle School,Middle School,33,0,9.86,0,42.86
17-1098,FL,Middle School,Middle School,21,0,1,0,22
17-1102,WA,Open,Gold,71,21.33,26.23,0,118.56
17-1103,TN,Middle School,Middle School,36,0,4.86,0,40.86
17-1109,MO,Open,Gold,29,5.33,5.74,0,40.07
17-1110,MO,Middle School,Middle School,41,0,5.86,0,46.86
17-1117,SD,Open,Gold,54,18.67,13.24,0,85.91
17-1119,FL,Open,Gold,103,77.33,8.82,0,189.15
17-1128,NY,AJROTC,Silver,54,21.33,0,0,75.33
17-1131,CA,Middle School,Middle School,163,0,25.71,0,188.71
17-1132,CA,Middle School,Middle School,123,0,24.14,0,147.14
17-1134,KS,Middle School,Middle School,70,0,0,0,70
17-1135,KS,Open,Platinum,89,50.67,44.27,17,200.94
17-1136,CA,Middle School,Middle School,137,0,4,0,141
17-1137,CA,Middle School,Middle School,101,0,18.86,0,119.86
17-1138,CA,Middle School,Middle School,85,0,6,0,91
17-1139,CA,Middle School,Middle School,60,0,11.14,0,71.14
17-1141,CA,Open,Platinum,251,80,215.4,71,617.4
17-1142,CA,Open,Platinum,208,53.33,203.98,75,540.31
17-1143,CA,Open,Platinum,133,50.67,121.44,75,380.11
17-1144,CA,Open,Platinum,202,58.67,195.03,80,535.7
17-1145,CA,Open,Platinum,170,80,141.61,62,453.61
17-1146,CA,Open,Platinum,127,29.33,95.79,18,270.12
17-1147,CA,Open,Platinum,130,37.33,146.9,25,339.23
17-1148,CA,Open,Platinum,108,53.33,181.07,0,342.4
17-1155,MD,Open,Gold,44,10.67,19.85,0,74.52
17-1157,MD,Open,Gold,99,5.33,24.73,0,129.06
17-1163,GA,Open,Platinum,108,32,160.91,60,360.91
17-1167,NJ,Middle School,Middle School,55,0,0,0,55
17-1169,NJ,Middle School,Middle School,32,0,0,0,32
17-1184,NC,Open,Platinum,36,21.33,79.47,39,175.8
17-1185,NC,Open,Gold,52,5.33,21.62,0,78.95
17-1186,NC,Open,Gold,69,0,43.88,0,112.88
17-1195,TX,Middle School,Middle School,33,0,0,0,33
17-1206,TX,Open,Gold,83,24,11.91,0,118.91
17-1213,TX,Open,Gold,74,2.67,11.03,0,87.7
17-1214,TX,Open,Gold,82,13.33,25.97,0,121.3
17-1216,VA,Open,Platinum,96,26.67,184.88,49,356.55
17-1217,VA,Open,Platinum,84,24,196.32,49,353.32
17-1218,VA,Open,Platinum,68,13.33,34.11,0,115.44
17-1219,VA,Open,Gold,118,24,58.03,0,200.03
17-1220,VA,Open,Gold,56,16,51.94,0,123.94
17-1221,VA,Open,Gold,70,0,31.24,0,101.24
17-1223,VA,Open,Silver,44,24,40.8,0,108.8
17-1226,VA,Open,Platinum,77,64,115.33,48,304.33
17-1228,VA,Open,Gold,50,0,0,0,50
17-1230,VA,Open,Platinum,79,32,144.12,24,279.12
17-1233,VA,Open,Platinum,135,2.67,142.86,52,332.53
17-1236,GA,Middle School,Middle School,21,0,5.14,0,26.14
17-1237,GA,Middle School,Middle School,16,0,5.57,0,21.57
17-1238,GA,Middle School,Middle School,76,0,13.71,0,89.71
17-1239,GA,Middle School,Middle School,40,0,11,0,51
17-1240,GA,Middle School,Middle School,56,0,8.29,0,64.29
17-1244,IN,Open,Platinum,145,77.33,145.64,70,437.97
17-1245,IN,Open,Platinum,105,56,113.83,74,348.83
17-1246,IN,Open,Platinum,99,34.67,111.26,15,259.93
17-1250,GA,Middle School,Middle School,54,0,0,0,54
17-1252,GA,Middle School,Middle School,38,0,0,0,38
17-1253,GA,Middle School,Middle School,49,0,0,0,49
17-1262,VA,Open,Silver,43,37.33,62.89,0,143.22
17-1269,PA,Open,Platinum,86,21.33,141.2,0,248.53
17-1279,FL,Middle School,Middle School,4,0,0,0,4
17-1287,IL,AFJROTC,Gold,40,18.67,15.88,0,74.55
17-1299,CAN,Open,Gold,76,74.67,26.91,0,177.58
17-1305,VA,NJROTC,Gold,64,0,5.29,0,69.29
17-1309,CA,Open,Silver,73,0,6.18,0,79.18
17-1317,VA,Open,Platinum,130,69.33,124.01,48,371.34
17-1321,OK,Open,Silver,43,29.33,14.12,0,86.45
17-1324,VA,Open,Platinum,67,37.33,59.09,12,175.42
17-1339,WI,Middle School,Middle School,37,0,0,0,37
17-1340,WI,Middle School,Middle School,37,0,7,0,44
17-1341,WI,Middle School,Middle School,40,0,0,0,40
17-1346,NJ,CAP,Platinum,82,16,69.47,42,209.47
17-1347,NJ,CAP,Platinum,64,0,80.12,0,144.12
17-1352,CA,Middle School,Middle School,44,0,0,0,44
17-1359,CAN,Middle School,Middle School,38,0,0,0,38
17-1360,CAN,Middle School,Middle School,18,0,0,0,18
17-1369,NV,Open,Platinum,180,45.33,168.32,59,452.65
17-1371,CA,Open,Silver,36,8,18.53,0,62.53
17-1384,VA,Middle School,Middle School,69,0,13.14,0,82.14
17-1392,MA,Middle School,Middle School,23,0,8,0,31
17-1394,TX,Open,Gold,89,24,21.18,0,134.18
17-1401,VA,Open,Gold,136,37.33,65.36,0,238.69
17-1404,VA,Open,Gold,88,10.67,48.58,0,147.25
17-1435,TX,Open,Gold,91,48,21.18,0,160.18
17-1438,TX,AJROTC,Gold,62,13.33,18.53,0,93.86
17-1444,CA,Middle School,Middle School,89,0,13.57,0,102.57
17-1446,CA,Middle School,Middle School,164,0,19.14,0,183.14
17-1447,CA,Middle School,Middle School,153,0,16.14,0,169.14
17-1448,CA,Middle School,Middle School,89,0,15.14,0,104.14
17-1449,CA,Middle School,Middle School,56,0,13.14,0,69.14
17-1452,TX,CAP,Gold,95,29.33,24.71,0,149.04
17-1458,TX,Middle School,Middle School,59,0,5.29,0,64.29
17-1459,TX,Middle School,Middle School,46,0,13.57,0,59.57
17-1460,TX,Middle School,Middle School,35,0,9.14,0,44.14
17-1462,TX,Middle School,Middle School,24,0,1.29,0,25.29
17-1464,TX,Middle School,Middle School,20,0,3.86,0,23.86
17-1481,TX,MCJROTC,Gold,49,8,10.59,0,67.59
17-1484,WA,Open,Silver,21,13.33,8.38,0,42.71
17-1486,WA,Open,Silver,54,37.33,13.24,0,104.57
17-1496,CAN,Open,Platinum,158,61.33,178.74,42,440.07
17-1498,CAN,Open,Platinum,114,40,163.23,0,317.23
17-1508,CA,Open,Silver,29,0,0,0,29
17-1511,CA,Middle School,Middle School,21,0,4,0,25
17-1523,MD,Open,Platinum,155,53.33,134.2,34,376.53
17-1535,AR,Open,Silver,5,0,7.94,0,12.94
17-1538,ID,CAP,Platinum,73,29.33,55.06,49,206.39
17-1539,VA,Open,Gold,74,10.67,45.73,0,130.4
17-1540,VA,Open,Gold,53,2.67,15.24,0,70.91
17-1541,VA,Open,Platinum,92,32,139.91,27,290.91
17-1545,VA,Middle School,Middle School,85,0,21.86,0,106.86
17-1553,VA,Open,Gold,59,29.33,33.73,0,122.06
17-1555,MD,Open,Gold,91,56,33.64,0,180.64
17-1556,MD,Open,Gold,82,50.67,25.7,0,158.37
17-1557,MD,Open,Silver,58,50.67,44.68,0,153.35
17-1558,MD,Open,Silver,60,18.67,46.36,0,125.03
17-1563,MD,Open,Platinum,123,21.33,169.62,18,331.95
17-1567,ID,Open,Gold,81,24,28.6,0,133.6
17-1569,ID,Open,Gold,81,21.33,37.97,0,140.3
17-1582,VA,Open,Platinum,103,32,88.15,0,223.15
17-1584,VA,Open,Silver,-12,0,63.88,0,51.88
17-1586,VA,Open,Platinum,129,29.33,97.29,19,274.62
17-1591,OH,Open,Gold,72,37.33,21.18,0,130.51
17-1603,PA,NJROTC,Silver,45,8,19.41,0,72.41
17-1611,AL,Middle School,Middle School,19,0,5.86,0,24.86
17-1612,AL,Middle School,Middle School,47,0,5.86,0,52.86
17-1614,AL,Middle School,Middle School,14,0,9.86,0,23.86
17-1626,AZ,CAP,Platinum,89,24,80.74,8,201.74
17-1627,AZ,CAP,Silver,-14,24,0,0,10
17-1628,AZ,Middle School,Middle School,30,0,0,0,30
17-1637,GA,Open,Silver,41,13.33,13.68,0,68.01
17-1644,AL,Open,Silver,48,26.67,22.68,0,97.35
17-1647,TX,CAP,Platinum,141,56,61.65,18,276.65
17-1657,CA,Open,Platinum,100,16,134.17,0,250.17
17-1658,CA,NJROTC,Platinum,130,50.67,175.98,12,368.65
17-1659,CA,NJROTC,Platinum,111,32,46.59,9,198.59
17-1660,CA,NJROTC,Platinum,97,29.33,132.91,25,284.24
17-1665,CAN,Open,Gold,107,24,8.38,0,139.38
17-1667,CAN,Open,Platinum,95,42.67,158.16,24,319.83
17-1668,CAN,Open,Platinum,86,32,163.23,49,330.23
17-1669,NJ,Middle School,Middle School,55,0,9,0,64
17-1676,CAN,Middle School,Middle School,11,0,1,0,12
17-1681,IN,Open,Gold,91,29.33,20.58,0,140.91
17-1683,VA,Open,Platinum,53,24,74.16,0,151.16
17-1702,CA,USNSCC,Platinum,106,42.67,168.32,68,384.99
17-1705,WA,Open,Platinum,84,58.67,50.21,69,261.88
17-1720,CA,Middle School,Middle School,61,0,7.57,0,68.57
17-1721,CA,Middle School,Middle School,4,0,9.57,0,13.57
17-1722,CA,Middle School,Middle School,68,0,10.29,0,78.29
17-1723,CA,Middle School,Middle School,21,0,2,0,23
17-1729,TX,Open,Platinum,160,72,104.89,44,380.89
17-1730,TX,Open,Platinum,128,74.67,164.92,0,367.59
17-1731,TX,Open,Platinum,164,77.33,170.03,58,469.36
17-1733,CA,Middle School,Middle School,34,0,6,0,40
17-1734,CA,Middle School,Middle School,14,0,6.29,0,20.29
17-1739,CA,Middle School,Middle School,34,0,6.29,0,40.29
17-1748,NV,Open,Platinum,107,26.67,182.33,19,335
17-1749,TX,Open,Silver,22,0,23.82,0,45.82
17-1750,TX,Middle School,Middle School,15,0,7,0,22
17-1753,TX,Open,Platinum,140,24,89.44,25,278.44
17-1755,TX,Open,Platinum,106,34.67,147.98,20,308.65
17-1759,TX,Middle School,Middle School,100,0,18.14,0,118.14
17-1763,NV,Open,Gold,61,29.33,38.32,0,128.65
17-1765,CA,Open,Gold,77,0,0,0,77
17-1768,CA,Open,Silver,68,16,53,0,137
17-1780,KS,CAP,Gold,65,0,21.18,0,86.18
17-1786,SC,Open,Platinum,103,29.33,157.08,15,304.41
17-1788,CAN,Middle School,Middle School,39,0,0,0,39
17-1801,NJ,Middle School,Middle School,39,0,7,0,46
17-1810,CA,Open,Platinum,160,66.67,217.94,80,524.61
17-1813,CA,Open,Platinum,54,29.33,93.47,29,205.8
17-1814,CA,Open,Platinum,79,24,82.23,39,224.23
17-1819,MA,Open,Platinum,105,18.67,61.84,21,206.51
17-1822,NV,Open,Gold,54,0,49.55,0,103.55
17-1823,NV,Open,Silver,39,32,11.65,0,82.65
17-1824,NV,Open,Silver,61,16,18.88,0,95.88
17-1838,CA,Open,Platinum,167,56,174.67,40,437.67
17-1839,CA,Open,Platinum,70,56,134.2,59,319.2
17-1840,CA,Open,Platinum,103,26.67,61.88,22,213.55
17-1843,CA,NJROTC,Gold,180,69.33,56,0,305.33
17-1844,CA,NJROTC,Platinum,75,16,77.14,0,168.14
17-1845,CA,NJROTC,Platinum,112,40,22.24,36,210.24
17-1847,CA,NJROTC,Platinum,66,29.33,164.97,15,275.3
17-1856,CAN,Open,Gold,75,13.33,16.86,0,105.19
17-1871,CA,Open,Gold,84,24,11.03,0,119.03
17-1879,NY,Open,Gold,71,18.67,28.24,0,117.91
17-1888,AZ,Open,Gold,57,10.67,16.76,0,84.43
17-1895,NY,Middle School,Middle School,51,0,10.57,0,61.57
17-1897,NY,CAP,Silver,32,5.33,9.71,0,47.04
17-1898,CAN,Open,Platinum,133,80,196.32,70,479.32
17-1899,CAN,Open,Platinum,151,72,122.53,30,375.53
17-1900,CAN,Open,Platinum,127,34.67,86.46,35,283.13
17-1905,CA,Open,Platinum,180,29.33,174.29,5,388.62
17-1909,CO,CAP,Platinum,58,21.33,58.08,15,152.41
17-1911,CA,Open,Platinum,103,50.67,70.8,0,224.47
17-1912,CA,Open,Platinum,113,48,89.64,0,250.64
17-1920,CA,Open,Gold,104,10.67,5.29,0,119.96
17-1922,CA,Open,Silver,35,5.33,14.56,0,54.89
17-1924,MD,Open,Platinum,161,74.67,202.7,80,518.37
17-1925,MD,Open,Platinum,105,64,131.42,0,300.42
17-1926,MD,Middle School,Middle School,54,0,3.86,0,57.86
17-1927,MD,Open,Platinum,165,56,76.71,52,349.71
17-1928,MD,Middle School,Middle School,41,0,7.14,0,48.14
17-1951,DC,AJROTC,Silver,28,0,0,0,28
17-1952,CA,Open,Silver,51,24,5.29,0,80.29
17-1956,CA,Middle School,Middle School,26,0,5,0,31
17-1959,CA,Middle School,Middle School,55,0,0,0,55
17-1960,CA,Middle School,Middle School,36,0,0,0,36
17-1965,NC,Middle School,Middle School,32,0,11.86,0,43.86
17-1980,CA,Open,Platinum,130,80,188.91,80,478.91
17-1983,CA,Open,Gold,83,32,32.23,0,147.23
17-1984,CA,Open,Platinum,173,53.33,173.64,59,458.97
17-2005,VA,CAP,Gold,80,2.67,13.24,0,95.91
17-2013,CA,Open,Silver,52,32,18.97,0,102.97
17-2016,IL,AJROTC,Silver,81,0,0,0,81
17-2017,IL,AJROTC,Silver,65,0,0,0,65
17-2025,VA,NJROTC,Gold,46,0,15.62,0,61.62
17-2032,WA,Middle School,Middle School,35,0,0,0,35
17-2036,CA,USNSCC,Platinum,58,2.67,105.99,23,189.66
17-2037,CA,USNSCC,Gold,16,0,0,0,16
17-2041,TX,AJROTC,Gold,90,0,8.82,0,98.82
17-2050,NE,Open,Platinum,74,0,121.69,0,195.69
17-2058,HI,Middle School,Middle School,51,0,0,0,51
17-2059,OR,Open,Platinum,97,37.33,79.45,77,290.78
17-2060,OR,Open,Platinum,72,42.67,111.29,0,225.96
17-2064,CA,CAP,Gold,43,16,5.74,0,64.74
17-2065,CA,CAP,Silver,51,16,29.12,0,96.12
17-2067,MD,Open,Platinum,101,34.67,84.74,27,247.41
17-2075,CA,Open,Platinum,46,77.33,144.38,15,282.71
17-2080,AK,Open,Gold,70,26.67,0,0,96.67
17-2085,SC,Middle School,Middle School,17,0,0,0,17
17-2086,SC,Middle School,Middle School,0,0,0,0,0
17-2087,SC,Middle School,Middle School,19,0,0,0,19
17-2110,MN,Open,Silver,28,13.33,0,0,41.33
17-2112,HI,Open,Platinum,70,26.67,110.02,0,206.69
17-2115,SD,CAP,Silver,21,10.67,0,0,31.67
17-2118,IN,Open,Platinum,54,61.33,50.21,80,245.54
17-2127,OK,Open,Silver,14,0,18.97,0,32.97
17-2133,WI,Middle School,Middle School,17,0,5,0,22
17-2136,GA,Middle School,Middle School,35,0,3,0,38
17-2138,GA,Middle School,Middle School,13,0,4,0,17
17-2150,AL,Open,Gold,90,64,16.76,0,170.76
17-2154,HI,Middle School,Middle School,37,0,7.86,0,44.86
17-2164,AL,Middle School,Middle School,56,0,6.86,0,62.86
17-2165,AL,Middle School,Middle School,50,0,1,0,51
17-2166,AL,Middle School,Middle School,44,0,0,0,44
17-2167,CA,CAP,Gold,24,18.67,11.03,0,53.7
17-2177,OK,Open,Platinum,138,61.33,41.52,29,269.85
17-2181,AZ,Open,Gold,53,64,11.91,0,128.91
17-2182,AZ,Open,Gold,30,13.33,25.15,0,68.48
17-2184,OK,Open,Gold,39,16,19.95,0,74.95
17-2202,CA,Open,Platinum,175,72,144.15,76,467.15
17-2205,CA,Open,Gold,127,18.67,36.82,0,182.49
17-2208,CA,Open,Gold,134,18.67,17.21,0,169.88
17-2209,CA,Open,Platinum,155,45.33,126.85,36,363.18
17-2211,CA,Open,Silver,55,32,22.5,0,109.5
17-2212,CA,Open,Gold,33,26.67,27.35,0,87.02
17-2217,CA,Middle School,Middle School,46,0,7,0,53
17-2218,CA,Middle School,Middle School,63,0,9.86,0,72.86
17-2220,CA,Middle School,Middle School,37,0,18.43,0,55.43
17-2221,CA,Middle School,Middle School,43,0,10.14,0,53.14
17-2227,MO,AFJROTC,Platinum,56,56,159.42,9,280.42
17-2233,ID,Open,Platinum,89,77.33,133.97,80,380.3
17-2245,GA,Middle School,Middle School,53,0,11.71,0,64.71
17-2250,AL,Open,Gold,118,10.67,29.12,0,157.79
17-2252,AZ,CAP,Gold,55,8,27.44,0,90.44
17-2255,IN,Open,Gold,98,13.33,15.89,0,127.22
17-2258,IN,Open,Silver,40,13.33,10.59,0,63.92
17-2272,RI,Middle School,Middle School,42,0,0,0,42
17-2273,RI,Middle School,Middle School,33,0,0,0,33
17-2277,NE,Open,Silver,31,8,16.32,0,55.32
17-2287,CA,Open,Gold,86,37.33,16.24,0,139.57
17-2288,CA,Middle School,Middle School,30,0,12.86,0,42.86
17-2289,CA,Open,Platinum,199,58.67,0,68,325.67
17-2294,NC,CAP,Gold,53,13.33,15.88,0,82.21
17-2300,TX,AJROTC,Gold,60,5.33,3.18,0,68.51
17-2301,MN,CAP,Gold,48,13.33,9.26,0,70.59
17-2306,AZ,Middle School,Middle School,45,0,2,0,47
17-2310,CA,Middle School,Middle School,41,0,8,0,49
17-2311,CA,Middle School,Middle School,57,0,8,0,65
17-2312,CA,Middle School,Middle School,53,0,1,0,54
17-2313,CA,Middle School,Middle School,49,0,2,0,51
17-2314,CA,Middle School,Middle School,-22,0,0,0,-22
17-2317,AL,Middle School,Middle School,36,0,5.86,0,41.86
17-2319,WA,CAP,Gold,73,26.67,16.32,0,115.99
17-2320,WA,Middle School,Middle School,39,0,4,0,43
17-2338,CA,Middle School,Middle School,14,0,8.71,0,22.71
17-2350,NC,NJROTC,Platinum,70,16,157.08,0,243.08
17-2366,TX,Open,Gold,106,48,7.94,0,161.94
17-2391,SC,AFJROTC,Silver,39,0,0,0,39
17-2399,NV,Middle School,Middle School,51,0,3,0,54
17-2400,NV,Middle School,Middle School,30,0,4.86,0,34.86
17-2407,TX,CAP,Gold,64,18.67,5.74,0,88.41
17-2414,MO,Middle School,Middle School,47,0,10.29,0,57.29
17-2429,VA,Open,Silver,74,13.33,23.48,0,110.81
17-2433,CA,Open,Platinum,86,18.67,97.27,0,201.94
17-2435,CA,Open,Gold,86,21.33,36.03,0,143.36
17-2436,CA,Open,Gold,74,42.67,34.44,0,151.11
17-2448,TX,CAP,Gold,57,5.33,16.86,0,79.19
17-2453,TX,Open,Platinum,91,50.67,168.35,70,380.02
17-2456,TX,Open,Platinum,67,50.67,47.65,0,165.32
17-2461,MD,CAP,Gold,8,16,53.43,0,77.43
17-2464,OH,Middle School,Middle School,76,0,11.71,0,87.71
17-2470,GA,Open,Gold,104,34.67,13.68,0,152.35
17-2494,TX,MCJROTC,Gold,73,21.33,75,0,169.33
17-2501,OK,Open,Gold,34,0,24.8,0,58.8
17-2502,OK,Open,Silver,43,0,32.7,0,75.7
17-2516,VA,CAP,Platinum,84,40,205.44,8,337.44
17-2520,TX,Open,Platinum,90,32,175.96,40,337.96
17-2525,AL,Middle School,Middle School,62,0,9.43,0,71.43
17-2526,AL,Middle School,Middle School,48,0,4.86,0,52.86
17-2529,AL,Middle School,Middle School,64,0,2,0,66
17-2543,UT,Open,Gold,79,56,0,0,135
17-2544,TX,Middle School,Middle School,42,0,0,0,42
17-2545,TX,Middle School,Middle School,60,0,0,0,60
17-2549,CA,Open,Gold,116,53.33,12.35,0,181.68
17-2550,FL,Open,Gold,94,13.33,26.83,0,134.16
17-2554,GA,Middle School,Middle School,36,0,8.71,0,44.71
17-2562,FL,Open,Gold,58,8,0,0,66
17-2577,NJ,Open,Silver,42,16,2.56,0,60.56
17-2581,SC,NJROTC,Silver,31,0,0,0,31
17-2583,VA,CAP,Gold,26,0,19.41,0,45.41
17-2591,TX,MCJROTC,Gold,69,21.33,44.17,0,134.5
17-2600,SC,NJROTC,Silver,29,0,0,0,29
17-2623,FL,AJROTC,Gold,61,10.67,18.53,0,90.2
17-2628,FL,Open,Silver,48,0,0,0,48
17-2629,FL,Open,Silver,58,0,0,0,58
17-2631,GA,Open,Silver,47,21.33,1.82,0,70.15
17-2636,VA,Open,Platinum,88,56,27.53,15,186.53
17-2648,AT,Open,Gold,72,0,33.2,0,105.2
17-2649,PA,Open,Gold,44,13.33,77.03,0,134.36
17-2651,PA,Open,Gold,33,0,77.56,0,110.56
17-2657,KY,Open,Platinum,70,21.33,97.07,34,222.4
17-2661,TN,Open,Gold,91,0,76.59,0,167.59
17-2672,TX,NJROTC,Platinum,81,13.33,108.71,16,219.04
17-2676,CA,Open,Gold,122,16,62.44,0,200.44
17-2688,FL,AJROTC,Platinum,59,24,46.61,0,129.61
17-2697,MD,USNSCC,Platinum,44,2.67,34.97,47,128.64
17-2698,MD,USNSCC,Gold,77,13.33,23.82,0,114.15
17-2701,OK,AFJROTC,Platinum,134,26.67,195.26,56,411.93
17-2703,VA,Middle School,Middle School,68,0,16.14,0,84.14
17-2707,CA,Middle School,Middle School,120,0,11.43,0,131.43
17-2708,CA,Middle School,Middle School,55,0,14.29,0,69.29
17-2709,CA,Middle School,Middle School,57,0,7.57,0,64.57
17-2710,CA,Middle School,Middle School,31,0,7,0,38
17-2721,IA,Open,Silver,44,18.67,0,0,62.67
17-2727,TX,Middle School,Middle School,39,0,8.57,0,47.57
17-2732,MD,Open,Platinum,121,24,63.12,80,288.12
17-2733,MD,Open,Gold,104,32,17.21,0,153.21
17-2744,TX,Open,Silver,48,24,20.29,0,92.29
17-2751,UT,Open,Silver,49,72,27.82,0,148.82
17-2769,TX,Middle School,Middle School,44,0,0,0,44
17-2782,FL,Middle School,Middle School,23,0,7.14,0,30.14
17-2783,AR,Open,Gold,45,64,3.53,0,112.53
17-2784,FL,Open,Gold,75,13.33,19.5,0,107.83
17-2788,MI,Open,Gold,77,24,10.59,0,111.59
17-2804,MD,Middle School,Middle School,23,0,0,0,23
17-2817,FL,Middle School,Middle School,44,0,0,0,44
17-2819,NM,Middle School,Middle School,45,0,0,0,45
17-2829,NM,Open,Gold,72,10.67,14.12,0,96.79
17-2835,NJ,Open,Platinum,71,32,97.05,27,227.05
17-2850,FL,Open,Platinum,77,56,130.14,47,310.14
17-2863,TX,Middle School,Middle School,17,0,0,0,17
17-2865,TX,Middle School,Middle School,28,0,0,0,28
17-2867,CA,NJROTC,Platinum,102,26.67,76.91,18,223.58
17-2869,CA,NJROTC,Platinum,69,18.67,55.53,24,167.2
17-2870,CA,NJROTC,Platinum,68,18.67,25.41,17,129.08
17-2871,CA,NJROTC,Platinum,129,34.67,124.21,47,334.88
17-2873,LA,Open,Platinum,82,45.33,39.18,0,166.51
17-2879,WA,AFJROTC,Silver,10,16,8.82,0,34.82
17-2888,CA,Open,Silver,10,16,16.76,0,42.76
17-2890,CA,Open,Gold,119,45.33,25.61,0,189.94
17-2891,CA,Open,Gold,88,16,31.44,0,135.44
17-2892,CA,Open,Gold,89,34.67,28.77,0,152.44
17-2893,CA,Open,Gold,93,34.67,16.94,0,144.61
17-2894,CA,Open,Silver,33,21.33,17.82,0,72.15
17-2896,CA,Open,Platinum,95,56,172.15,80,403.15
17-2917,GA,Open,Gold,51,24,7.97,0,82.97
17-2919,CO,Open,Platinum,149,34.67,181.05,80,444.72
17-2921,NM,MCJROTC,Silver,18,0,0,0,18
17-2930,CA,AFJROTC,Platinum,44,16,54.04,0,114.04
17-2931,CA,AFJROTC,Gold,50,10.67,23.12,0,83.79
17-2952,CO,Open,Silver,57,0,34.89,0,91.89
17-2965,CA,AFJROTC,Platinum,139,53.33,151.99,17,361.32
17-2967,CA,AFJROTC,Platinum,55,0,38.12,15,108.12
17-2969,HI,NJROTC,Gold,2,21.33,16.76,0,40.09
17-2974,TX,Open,Silver,37,5.33,0,0,42.33
17-2975,OH,Open,Silver,33,18.67,10.59,0,62.26
17-2991,CAN,Middle School,Middle School,24,0,0,0,24
17-3000,CA,Open,Gold,80,16,7.41,0,103.41
17-3004,MD,Open,Gold,112,24,54.94,0,190.94
17-3007,HI,Middle School,Middle School,64,0,10.43,0,74.43
17-3008,HI,Middle School,Middle School,29,0,1,0,30
17-3021,TX,Middle School,Middle School,7,0,0,0,7
17-3029,HI,AJROTC,Gold,26,0,22.06,0,48.06
17-3030,HI,Middle School,Middle School,41,0,0,0,41
17-3031,CA,Open,Silver,39,48,0,0,87
17-3039,SC,Middle School,Middle School,62,0,7.71,0,69.71
17-3046,AZ,Middle School,Middle School,60,0,5.86,0,65.86
17-3051,OH,Middle School,Middle School,34,0,8,0,42
17-3052,CO,CAP,Silver,36,18.67,0,0,54.67
17-3058,CO,Middle School,Middle School,28,0,5.86,0,33.86
17-3059,SC,MCJROTC,Platinum,60,29.33,97.91,0,187.24
17-3064,AL,AFJROTC,Gold,67,10.67,18.53,0,96.2
17-3069,NC,Open,Gold,75,26.67,71.82,0,173.49
17-3071,PA,NJROTC,Gold,52,8,23.82,0,83.82
17-3073,PA,NJROTC,Gold,30,5.33,22.06,0,57.39
17-3075,IA,Open,Platinum,100,42.67,101.3,51,294.97
17-3078,IA,Open,Gold,78,32,19.97,0,129.97
17-3079,IA,Open,Gold,52,53.33,60.79,0,166.12
17-3086,TX,Middle School,Middle School,22,0,1,0,23
17-3088,FL,AFJROTC,Platinum,55,40,55.91,9,159.91
17-3096,CA,Open,Platinum,201,74.67,215.4,80,571.07
17-3097,CA,Open,Platinum,107,0,150.73,70,327.73
17-3098,CA,Open,Platinum,70,64,132.68,52,318.68
17-3101,NC,CAP,Gold,96,2.67,19.5,0,118.17
17-3104,TX,Open,Platinum,94,80,35.17,73,282.17
17-3110,CA,Open,Gold,99,80,68.11,0,247.11
17-3112,CA,Open,Silver,41,5.33,6.89,0,53.22
17-3113,CA,Open,Silver,39,0,11.03,0,50.03
17-3114,CO,Middle School,Middle School,19,0,0,0,19
17-3117,NJ,Open,Gold,79,0,61.3,0,140.3
17-3120,CA,Middle School,Middle School,91,0,12.86,0,103.86
17-3124,CA,Open,Silver,39,56,26.65,0,121.65
17-3132,MI,Open,Gold,55,8,10.59,0,73.59
17-3134,MO,Middle School,Middle School,42,0,4.57,0,46.57
17-3135,TX,Open,Silver,24,0,18.97,0,42.97
17-3137,NJ,Middle School,Middle School,65,0,0,0,65
17-3138,AT,CAP,Platinum,109,34.67,95.79,64,303.46
17-3139,NJ,Middle School,Middle School,62,0,0,0,62
17-3141,IL,Middle School,Middle School,35,0,0,0,35
17-3146,TX,AJROTC,Platinum,161,64,188.68,40,453.68
17-3148,AL,Open,Silver,20,21.33,31.08,0,72.41
17-3150,IA,Middle School,Middle School,15,0,0,0,15
17-3152,CA,Open,Silver,56,16,30.54,0,102.54
17-3155,SC,Open,Gold,116,61.33,0,0,177.33
17-3161,GA,Open,Gold,82,0,22.16,0,104.16
17-3163,AZ,Middle School,Middle School,39,0,2.29,0,41.29
17-3166,CA,AFJROTC,Silver,21,13.33,21.18,0,55.51
17-3167,CA,Open,Silver,-7,0,47.59,0,40.59
17-3180,CO,Middle School,Middle School,62,0,7.14,0,69.14
17-3193,CA,Open,Silver,41,13.33,0,0,54.33
17-3197,AL,AJROTC,Platinum,72,21.33,116.82,0,210.15
17-3200,AL,AJROTC,Gold,40,0,15.88,0,55.88
17-3201,AL,AJROTC,Gold,-13,0,19.59,0,6.59
17-3203,NY,Open,Platinum,77,13.33,148.38,54,292.71
17-3204,NY,Open,Platinum,76,0,148.38,0,224.38
17-3205,NY,Open,Platinum,74,0,148.38,0,222.38
17-3207,FL,AJROTC,Platinum,103,18.67,79.68,0,201.35
17-3208,FL,AJROTC,Platinum,54,10.67,74.79,0,139.46
17-3210,KS,Open,Gold,72,13.33,22.06,0,107.39
17-3217,CAN,Middle School,Middle School,35,0,7,0,42
17-3219,AZ,Open,Gold,104,10.67,10.59,0,125.26
17-3226,GA,Middle School,Middle School,47,0,4.43,0,51.43
17-3229,GA,Middle School,Middle School,35,0,6.43,0,41.43
17-3230,TX,Middle School,Middle School,31,0,0,0,31
17-3242,TX,Open,Platinum,115,21.33,98.79,41,276.12
17-3264,HI,Open,Platinum,85,34.67,92.23,9,220.9
17-3265,HI,Open,Gold,94,21.33,66.61,0,181.94
17-3268,SC,Open,Gold,60,0,38.45,0,98.45
17-3279,TX,Middle School,Middle School,3,0,0,0,3
17-3281,CO,Middle School,Middle School,40,0,8.57,0,48.57
17-3282,CO,Middle School,Middle School,67,0,10.71,0,77.71
17-3283,CO,Middle School,Middle School,56,0,6,0,62
17-3284,CO,Middle School,Middle School,39,0,4,0,43
17-3285,NY,Open,Platinum,74,16,148.38,44,282.38
17-3292,NJ,Open,Platinum,83,29.33,183.82,42,338.15
17-3293,WI,Open,Gold,110,32,20.93,0,162.93
17-3305,TX,AJROTC,Silver,16,5.33,0,0,21.33
17-3315,HI,Open,Silver,50,45.33,11.47,0,106.8
17-3319,MA,Open,Silver,52,61.33,13.24,0,126.57
17-3324,GA,Middle School,Middle School,56,0,7,0,63
17-3325,GA,Middle School,Middle School,96,0,13,0,109
17-3326,GA,Middle School,Middle School,39,0,9,0,48
17-3333,DC,Open,Gold,23,10.67,0,0,33.67
17-3334,VA,MCJROTC,Gold,60,8,9.79,0,77.79
17-3338,TN,AJROTC,Gold,62,0,0,0,62
17-3356,NJ,Middle School,Middle School,42,0,0,0,42
17-3363,NJ,Open,Platinum,99,37.33,62.7,12,211.03
17-3370,CO,Middle School,Middle School,67,0,0,0,67
17-3371,CO,Middle School,Middle School,6,0,0,0,6
17-3372,CO,Middle School,Middle School,60,0,0,0,60
17-3373,CO,Middle School,Middle School,52,0,0,0,52
17-3374,CO,Middle School,Middle School,14,0,0,0,14
17-3377,CA,Open,Gold,89,45.33,12.44,0,146.77
17-3383,CA,Open,Silver,28,0,13.68,0,41.68
17-3389,OK,Open,Gold,89,24,22.06,0,135.06
17-3396,IL,Middle School,Middle School,38,0,5.86,0,43.86
17-3398,CT,Middle School,Middle School,2,0,5,0,7
17-3400,CA,Middle School,Middle School,29,0,15.57,0,44.57
17-3408,TX,Open,Platinum,141,50.67,139.03,61,391.7
17-3411,NJ,Open,Platinum,114,16,78.64,9,217.64
17-3413,NJ,Open,Gold,76,48,13.6,0,137.6
17-3415,CA,NJROTC,Gold,24,24,0,0,48
17-3418,NJ,Open,Platinum,73,34.67,113.8,80,301.47
17-3422,MO,Middle School,Middle School,62,0,10.57,0,72.57
17-3423,LA,MCJROTC,Silver,14,0,0,0,14
17-3424,WA,Open,Gold,97,0,0,0,97
17-3428,NV,Open,Silver,48,13.33,18.53,0,79.86
17-3432,CAN,Open,Gold,29,16,13.24,0,58.24
17-3437,TX,Open,Platinum,186,72,192.71,72,522.71
17-3446,TX,Open,Platinum,132,0,82.02,0,214.02
17-3451,TX,CAP,Gold,46,2.67,0,0,48.67
17-3457,CA,Middle School,Middle School,36,0,6.57,0,42.57
17-3466,SC,Open,Gold,110,16,21.18,0,147.18
17-3467,SC,Open,Gold,90,16,38.85,0,144.85
17-3483,CA,USNSCC,Silver,23,0,0,0,23
17-3486,AZ,Open,Gold,53,0,0,0,53
17-3487,UT,AFJROTC,Platinum,66,18.67,102.36,15,202.03
17-3503,TX,Open,Platinum,128,61.33,146.7,61,397.03
17-3524,MI,Open,Gold,30,10.67,19.33,0,60
17-3526,PA,AFJROTC,Gold,30,0,15.88,0,45.88
17-3530,WY,Open,Platinum,84,50.67,181.26,0,315.93
17-3535,AR,Open,Silver,-9,0,0,0,-9
17-3540,LA,Open,Gold,82,0,18.53,0,100.53
17-3553,WA,Middle School,Middle School,6,0,6.86,0,12.86
17-3559,WA,NJROTC,Gold,29,8,16.32,0,53.32
17-3577,WV,AFJROTC,Gold,37,0,24.26,0,61.26
17-3596,TX,Open,Silver,58,18.67,11.47,0,88.14
17-3601,SC,CAP,Silver,20,0,0,0,20
17-3602,SC,Middle School,Middle School,23,0,0,0,23
17-3607,HI,Middle School,Middle School,38,0,11.29,0,49.29
17-3608,UT,Middle School,Middle School,59,0,7,0,66
17-3609,UT,Middle School,Middle School,46,0,16.71,0,62.71
17-3611,MD,Open,Gold,69,24,57.94,0,150.94
17-3613,MD,Open,Gold,36,0,0,0,36
17-3615,NY,CAP,Platinum,56,10.67,113.02,24,203.69
17-3616,CA,Open,Gold,37,16,25.68,0,78.68
17-3617,CA,Open,Gold,25,29.33,23.82,0,78.15
17-3627,VA,Open,Platinum,92,34.67,99.82,51,277.49
17-3629,NJ,Open,Gold,69,18.67,26.21,0,113.88
17-3634,VA,Open,Silver,50,0,0,0,50
17-3646,NV,Open,Silver,70,21.33,44.77,0,136.1
17-3650,AL,NJROTC,Gold,1,24,23.82,0,48.82
17-3652,CA,Middle School,Middle School,53,0,22.29,0,75.29
17-3657,CA,Middle School,Middle School,31,0,5.43,0,36.43
17-3658,CA,Middle School,Middle School,19,0,0,0,19
17-3662,WA,AFJROTC,Silver,14,0,8.82,0,22.82
17-3667,TN,AFJROTC,Silver,9,21.33,21.18,0,51.51
17-3675,MN,Open,Gold,62,0,26.91,0,88.91
17-3682,MD,Open,Platinum,109,29.33,103.62,3,244.95
17-3683,MD,Open,Platinum,129,24,61.44,0,214.44
17-3689,TX,Middle School,Middle School,19,0,0,0,19
17-3698,CA,Middle School,Middle School,36,0,0,0,36
17-3703,UT,Open,Platinum,63,21.33,67.36,33,184.69
17-3706,NV,Middle School,Middle School,48,0,4.86,0,52.86
17-3711,NC,CAP,Silver,41,13.33,0,0,54.33
17-3713,NY,NJROTC,Silver,46,0,0,0,46
17-3717,HI,AJROTC,Platinum,69,37.33,156.02,33,295.35
17-3729,FL,Open,Gold,91,16,42.21,0,149.21
17-3731,CA,Middle School,Middle School,37,0,0,0,37
17-3755,FL,AJROTC,Silver,2,0,0,0,2
17-3756,VA,Open,Gold,81,13.33,45.74,0,140.07
17-3762,TX,Middle School,Middle School,21,0,9.57,0,30.57
17-3775,CA,AFJROTC,Platinum,44,5.33,73.1,9,131.43
17-3778,DE,MCJROTC,Gold,48,0,21.62,0,69.62
17-3779,DE,MCJROTC,Silver,29,16,27.79,0,72.79
17-3782,TX,Middle School,Middle School,36,0,15.86,0,51.86
17-3783,TX,Middle School,Middle School,16,0,3,0,19
17-3803,VA,Open,Silver,50,18.67,0,0,68.67
17-3805,CO,Middle School,Middle School,31,0,5,0,36
17-3813,PA,Open,Gold,70,13.33,23.85,0,107.18
17-3822,GA,Open,Gold,104,21.33,29.39,0,154.72
17-3824,GA,Open,Gold,91,21.33,30.45,0,142.78
17-3829,CO,Open,Gold,67,2.67,0,0,69.67
17-3832,OH,Open,Platinum,48,5.33,111.91,80,245.24
17-3843,TX,Middle School,Middle School,25,0,2,0,27
17-3845,TX,Middle School,Middle School,14,0,12.43,0,26.43
17-3846,TX,Middle School,Middle School,0,0,2,0,2
17-3850,WA,AJROTC,Platinum,122,32,145.44,36,335.44
17-3853,TX,Open,Silver,19,0,32.67,0,51.67
17-3854,AL,Middle School,Middle School,29,0,9.86,0,38.86
17-3858,CA,Open,Silver,58,48,0,0,106
17-3866,NC,Open,Silver,22,5.33,13.24,0,40.57
17-3869,CT,Open,Gold,71,16,0,0,87
17-3876,CO,Open,Gold,54,24,0,0,78
17-3879,FL,Middle School,Middle School,36,0,3.29,0,39.29
17-3888,VA,Open,Silver,34,29.33,41.17,0,104.5
17-3890,VA,Open,Platinum,88,18.67,75.65,31,213.32
17-3895,MI,Open,Gold,66,0,20.47,0,86.47
17-3901,VA,Open,Gold,58,0,35.32,0,93.32
17-3904,VA,Open,Gold,58,0,30.1,0,88.1
17-3909,PA,CAP,Gold,96,0,13.68,0,109.68
17-3915,NV,Open,Silver,22,2.67,8.38,0,33.05
17-3916,NM,Open,Platinum,57,21.33,0,31,109.33
17-3918,PA,CAP,Gold,31,2.67,0,0,33.67
17-3925,MD,Open,Gold,89,0,12.09,0,101.09
17-3926,MD,Open,Platinum,87,53.33,74.56,9,223.89
17-3927,KY,CAP,Silver,-1,0,0,0,-1
17-3928,KY,CAP,Silver,29,0,15.88,0,44.88
17-3931,CA,Middle School,Middle School,66,0,12.86,0,78.86
17-3934,CA,Middle School,Middle School,35,0,5.86,0,40.86
17-3936,CA,Middle School,Middle School,27,0,0,0,27
17-3939,GA,Middle School,Middle School,14,0,6.86,0,20.86
17-3945,VA,Open,Silver,67,5.33,21.18,0,93.51
17-3946,TX,Open,Gold,64,0,36.47,0,100.47
17-3960,AZ,Open,Platinum,88,69.33,66.18,39,262.51
17-3967,TX,AJROTC,Platinum,59,13.33,20.12,0,92.45
17-3968,ID,Middle School,Middle School,47,0,0,0,47
17-3973,TX,AJROTC,Silver,11,2.67,0,0,13.67
17-3987,IN,Open,Silver,47,10.67,28.96,0,86.63
17-4000,UT,Middle School,Middle School,17,0,2.86,0,19.86
17-4007,TX,Middle School,Middle School,11,0,3.29,0,14.29
17-4008,TX,Middle School,Middle School,11,0,10.29,0,21.29
17-4013,CA,Open,Gold,99,0,33.11,0,132.11
17-4016,CA,Middle School,Middle School,42,0,0,0,42
17-4017,CA,Middle School,Middle School,12,0,0,0,12
17-4023,CA,Middle School,Middle School,79,0,17,0,96
17-4024,MA,Open,Silver,46,0,18.98,0,64.98
17-4031,MA,Open,Gold,60,0,21.09,0,81.09
17-4046,CA,Middle School,Middle School,51,0,6.86,0,57.86
17-4048,CA,Middle School,Middle School,40,0,6.86,0,46.86
17-4049,CA,Middle School,Middle School,51,0,6,0,57
17-4055,VA,Open,Gold,68,37.33,33.91,0,139.24
17-4056,VA,Open,Platinum,135,72,205.21,80,492.21
17-4057,VA,Open,Gold,81,18.67,18.53,0,118.2
17-4082,TX,Open,Gold,101,0,14.56,0,115.56
17-4089,AR,AJROTC,Silver,28,13.33,0,0,41.33
17-4096,FL,CAP,Gold,42,18.67,11.03,0,71.7
17-4115,TX,Open,Silver,43,29.33,21.53,0,93.86
17-4119,CO,Open,Silver,65,0,14.74,0,79.74
17-4120,CA,Open,Gold,93,24,1.06,0,118.06
17-4125,TX,Open,Silver,45,32,26.21,0,103.21
17-4129,TX,Middle School,Middle School,30,0,0,0,30
17-4171,MD,Open,Gold,82,0,17.92,0,99.92
17-4172,MD,Middle School,Middle School,47,0,7.14,0,54.14
17-4197,TX,Open,Gold,26,0,0,0,26
17-4203,CA,Middle School,Middle School,54,0,8.14,0,62.14
17-4208,MI,Open,Gold,87,24,24.26,0,135.26
17-4209,MD,AJROTC,Gold,26,0,28.96,0,54.96
17-4212,IL,Open,Silver,15,2.67,30.03,0,47.7
17-4240,CO,Middle School,Middle School,38,0,4,0,42
17-4270,TX,Open,Gold,68,37.33,26.47,0,131.8
17-4277,TX,MCJROTC,Platinum,86,18.67,167.06,42,313.73
17-4286,TX,MCJROTC,Platinum,101,16,106.2,70,293.2
17-4290,TX,MCJROTC,Platinum,68,18.67,132.89,58,277.56
17-4296,NJ,Open,Gold,40,2.67,14.12,0,56.79
17-4299,NC,Open,Silver,49,48,42.65,0,139.65
17-4307,CA,Open,Silver,45,21.33,15.88,0,82.21
17-4312,TX,Open,Platinum,144,29.33,71.8,46,291.13
17-4314,OH,Middle School,Middle School,33,0,6.29,0,39.29
17-4315,TX,Open,Silver,45,18.67,37.53,0,101.2
17-4330,MD,Open,Platinum,56,18.67,149.44,0,224.11
17-4332,MD,Open,Platinum,182,80,154.33,80,496.33
17-4346,AZ,AJROTC,Gold,49,5.33,13.24,0,67.57
17-4361,CO,Open,Silver,36,18.67,16.32,0,70.99
17-4372,TX,NJROTC,Platinum,44,13.33,196.32,0,253.65
17-4373,TX,Open,Platinum,33,0,146.67,80,259.67
17-4374,OK,Middle School,Middle School,49,0,0,0,49
17-4375,VA,Open,Gold,95,18.67,36.29,0,149.96
17-4377,MO,AFJROTC,Silver,73,40,20.56,0,133.56
17-4379,AR,CAP,Gold,68,13.33,0,0,81.33
17-4382,CA,Open,Platinum,122,34.67,170.89,0,327.56
17-4389,CA,Open,Gold,114,26.67,23.82,0,164.49
17-4392,CA,Open,Platinum,133,45.33,103.42,9,290.75
17-4394,CA,Open,Silver,41,10.67,14.12,0,65.79
17-4395,CA,Open,Gold,-1,16,13.24,0,28.24
17-4405,NH,Open,Platinum,56,26.67,48.71,0,131.38
17-4417,VA,Open,Gold,71,40,20.29,0,131.29
17-4418,VA,Open,Silver,-6,0,19.41,0,13.41
17-4422,TX,Middle School,Middle School,66,0,8.43,0,74.43
17-4425,TX,AFJROTC,Gold,46,0,19.41,0,65.41
17-4433,NY,AJROTC,Platinum,71,21.33,0,0,92.33
17-4439,NY,Open,Silver,54,32,23.74,0,109.74
17-4442,AT,Open,Silver,43,0,0,0,43
17-4447,MN,CAP,Gold,60,10.67,16.32,0,86.99
17-4448,PA,Open,Silver,53,26.67,52.38,0,132.05
17-4454,TX,Middle School,Middle School,32,0,6.86,0,38.86
17-4459,GA,Open,Gold,36,26.67,14.65,0,77.32
17-4460,MA,Open,Silver,52,2.67,24.73,0,79.4
17-4462,MA,Open,Silver,15,13.33,0,0,28.33
17-4470,CAN,Open,Gold,65,10.67,20.91,0,96.58
17-4479,CA,Open,Silver,1,16,24.27,0,41.27
17-4509,FL,Open,Platinum,70,5.33,130.36,62,267.69
17-4513,CA,Open,Platinum,72,13.33,62.27,35,182.6
17-4516,CA,Open,Silver,11,21.33,21.18,0,53.51
17-4526,CA,Open,Gold,84,18.67,19.85,0,122.52
17-4527,CA,AFJROTC,Gold,93,2.67,41.77,0,137.44
17-4542,TX,Middle School,Middle School,62,0,7.86,0,69.86
17-4547,TX,Open,Gold,98,10.67,31.96,0,140.63
17-4560,CAN,Open,Gold,111,18.67,34.7,0,164.37
17-4567,UT,NJROTC,Gold,11,18.67,7.94,0,37.61
17-4581,CO,Open,Gold,141,32,34.26,0,207.26
17-4583,MA,Open,Silver,80,48,23.82,0,151.82
17-4603,CA,Middle School,Middle School,57,0,4.86,0,61.86
17-4605,MN,CAP,Gold,70,2.67,22.06,0,94.73
17-4606,MN,CAP,Gold,63,8,16.32,0,87.32
17-4607,CA,AFJROTC,Silver,13,13.33,15.88,0,42.21
17-4631,HI,Open,Silver,44,18.67,33.37,0,96.04
17-4644,FL,Open,Platinum,71,42.67,92.18,36,241.85
17-4646,FL,Open,Platinum,48,42.67,102.36,66,259.03
17-4673,MI,CAP,Gold,81,18.67,25.17,0,124.84
17-4677,GA,AFJROTC,Platinum,32,10.67,58.5,0,101.17
17-4678,GA,Open,Gold,72,0,7.94,0,79.94
17-4689,CA,Middle School,Middle School,34,0,7,0,41
17-4700,TX,Open,Platinum,134,66.67,138,68,406.67
17-4728,VA,Open,Gold,109,16,54.06,0,179.06
17-4731,GA,Open,Gold,98,80,36.56,0,214.56
17-4744,CO,Open,Silver,52,0,0,0,52
17-4748,CO,Middle School,Middle School,25,0,4.86,0,29.86
17-4764,VT,Open,Gold,75,66.67,0,0,141.67
17-4786,GA,Open,Gold,89,48,32.58,0,169.58
17-4809,NH,Open,Gold,51,5.33,38.94,0,95.27
17-4816,AR,Open,Silver,30,24,28.08,0,82.08
17-4819,CA,Open,Silver,72,18.67,22.41,0,113.08
17-4834,CA,MCJROTC,Gold,57,10.67,0,0,67.67
17-4835,CA,Middle School,Middle School,64,0,0,0,64
17-4845,TX,Middle School,Middle School,62,0,6.57,0,68.57
17-4867,CA,Open,Gold,122,10.67,22.5,0,155.17
17-4868,CA,Open,Gold,69,21.33,46.45,0,136.78
17-4877,CA,Open,Gold,56,26.67,35.76,0,118.43
17-4916,MD,Open,Platinum,160,0,106.2,4,270.2
17-4929,GA,MCJROTC,Silver,18,0,0,0,18
17-4931,CA,NJROTC,Platinum,70,18.67,52.53,16,157.2
17-4939,CA,Open,Silver,56,16,0,0,72
17-4946,NC,Middle School,Middle School,14,0,7,0,21
17-4961,PA,NJROTC,Silver,31,2.67,16.32,0,49.99
17-4962,MI,Open,Silver,53,0,19.85,0,72.85
17-4968,MA,Open,Gold,85,50.67,21.35,0,157.02
17-4992,SC,AFJROTC,Silver,20,0,0,0,20
17-5002,CA,Open,Gold,54,13.33,21.18,0,88.51
17-5054,KS,Open,Silver,58,26.67,21.18,0,105.85
17-5060,IL,Middle School,Middle School,-26,0,0,0,-26
17-5061,IL,Middle School,Middle School,-51,0,0,0,-51
17-5067,FL,Open,Gold,97,0,15.88,0,112.88
17-5069,UT,Open,Silver,38,16,8.82,0,62.82
17-5070,NV,Open,Gold,44,50.67,36.38,0,131.05
17-5072,WA,Open,Gold,102,64,42.24,0,208.24
17-5093,CA,Open,Gold,65,0,46.81,0,111.81
17-5112,NY,Open,Silver,47,29.33,23.12,0,99.45
17-5116,TX,AJROTC,Silver,-12,0,26.3,0,14.3
17-5117,SC,NJROTC,Gold,21,0,11.03,0,32.03
17-5128,CO,Open,Gold,61,24,18.98,0,103.98
17-5129,CO,AJROTC,Gold,25,8,23.82,0,56.82
